source,tool,institution,Description,KPI
A-Skills exchange programs,Skills exchange programs,Education and Research Institutions,"Skills exchange programs in education and research institutions facilitate the sharing of expertise and knowledge among participants. In the semiconductor ecosystem, this tool can be used to address skill gaps, foster collaboration, and enhance innovation.","1. Number of participants enrolled in skills exchange programs.
2. Percentage of participants who successfully complete the skills exchange programs.
3. Number of collaborations or partnerships formed as a result of the skills exchange programs."
A-Startups/Spinoffs,Startups/Spinoffs,Education and Research Institutions,"The Startups/Spinoffs tool is used by Education and Research Institutions to support the creation and development of new businesses in the semiconductor ecosystem. It helps solve issues by fostering innovation, encouraging entrepreneurship, and facilitating the transfer of technology from academia to industry.","1. Number of startups/spinoffs created: Total count of startups/spinoffs formed using the tool.
2. Funding raised by startups/spinoffs: Total amount of funding secured by startups/spinoffs facilitated by the tool.
3. Success rate of startups/spinoffs: Percentage of startups/spinoffs that have achieved their desired goals or milestones."
A-Joint Ventures,Joint Ventures,Education and Research Institutions,"Joint Ventures is a tool utilized by Education and Research Institutions. It enables collaboration between different entities to pool resources, knowledge, and expertise. In the semiconductor ecosystem, it can be used to address challenges by fostering partnerships, sharing research, and promoting innovation.","1. Number of successful joint ventures formed.
2. Percentage increase in research collaborations.
3. Amount of funding secured through joint ventures."
A-Collaborator pull,Collaborator pull,Education and Research Institutions,Collaborator pull is a tool used by education and research institutions. It facilitates collaboration among users by allowing them to request and receive updates from collaborators. It can be used in the semiconductor ecosystem to streamline communication and enhance problem-solving efficiency.,"1. Number of successful pull requests: The total count of pull requests that were successfully completed.
2. Average time to merge pull requests: The average duration it takes to merge a pull request.
3. Number of active collaborators: The total count of collaborators actively using the tool."
A-Forums to define problems and approach,Forums to define problems and approach,Education and Research Institutions,"The forum tool is used by education and research institutions to define problems and approaches. It can be used in the semiconductor ecosystem to facilitate discussions and collaboration among experts, leading to effective problem-solving and innovative solutions.","1. Number of active forum participants: Total count of individuals actively engaging in discussions and problem-solving on the forums.
2. Response time: Average time taken to respond to queries or problems posted on the forums.
3. Problem resolution rate: Percentage of problems or challenges that are successfully resolved through discussions on the forums."
A-New academic majors/research centers,New academic majors/research centers,Education and Research Institutions,"The tool ""New academic majors/research centers"" at Education and Research Institutions focuses on developing new academic programs and research centers. It can be used to address challenges in the semiconductor ecosystem by fostering innovation, advancing research, and training skilled professionals.","1. Number of new academic majors: Total count of newly introduced academic majors in the institution.
2. Number of research centers established: Total count of newly established research centers in the institution.
3. Level of student engagement: Measure of student involvement and participation in the new academic majors and research centers."
A-Data Sharing,Data Sharing,Education and Research Institutions,"Data Sharing is a tool used by Education and Research Institutions to exchange information. It can be used in the semiconductor ecosystem to facilitate collaboration, share research findings, and address issues related to data analysis, optimization, and innovation.","1. Number of data sharing agreements signed: Total count of agreements signed by the institution.
2. Data sharing compliance rate: Percentage of data sharing activities that comply with relevant regulations and policies.
3. Data sharing impact assessment: Evaluation of the impact of data sharing activities on research outcomes and collaborations."
A-Lab Research,Lab Research,Education and Research Institutions,Lab Research is a tool used in Education and Research Institutions. It provides a platform for conducting scientific experiments and analyzing data. It can be used in the semiconductor ecosystem to identify and troubleshoot issues in the manufacturing process.,"1. Number of successful experiments conducted.
2. Percentage of accurate data collected.
3. Time taken to complete research projects."
G-Open Government IP,Open Government IP,Government & Regulators,Open Government IP is a tool used by Government & Regulators. It provides access to open-source intellectual property. It can be used in the semiconductor ecosystem to address issues by facilitating the sharing and collaboration of IP resources.,"1. Number of government agencies using the Open Government IP tool.
2. Percentage increase in public access to government information.
3. Reduction in time taken to process and respond to public information requests."
G-Skills exchange programs,Skills exchange programs,Government & Regulators,"Skills exchange programs are initiatives facilitated by the government and regulators. They aim to foster knowledge sharing and collaboration among individuals in the semiconductor ecosystem. These programs can help address skill gaps, enhance expertise, and promote innovation in the industry.","1. Number of participants enrolled in skills exchange programs.
2. Percentage increase in participants' skill levels after completing the program.
3. Number of successful job placements for participants after completing the skills exchange program."
G-Standard Setting,Standard Setting,Government & Regulators,"Standard Setting is a tool used by government and regulators to establish guidelines and specifications for industries. In the semiconductor ecosystem, it can be used to address issues related to interoperability, compatibility, and quality assurance of semiconductor products.","1. Compliance rate: Percentage of organizations adhering to the standard set by the government and regulators.
2. Adoption rate: Percentage of institutions implementing the standard setting tool in their operations.
3. Effectiveness score: Rating of the tool's ability to achieve its intended outcomes in improving industry practices."
G-Commercialization Funds,Commercialization Funds,Government & Regulators,"The Commercialization Funds, provided by Government & Regulators, are financial resources aimed at supporting the development and market entry of new products or technologies. It can be used to address challenges in the semiconductor ecosystem by providing funding for research, development, and commercialization of innovative semiconductor solutions.","1. Number of successful commercialization projects funded.
2. Amount of revenue generated from commercialized projects.
3. Percentage increase in the number of startups supported by the funds."
G-Direct R&D Funding,Direct R&D Funding,Government & Regulators,Direct R&D Funding is a tool provided by Government & Regulators. It involves providing financial support directly to research and development projects. It can be used to address challenges in the semiconductor ecosystem by funding innovative projects that drive technological advancements and address industry-specific issues.,"1. Number of research projects funded: Total count of R&D projects financially supported by the government.
2. Amount of funding allocated: Total monetary value allocated by the government for direct R&D funding.
3. Success rate of funded projects: Percentage of funded projects that achieve their intended research outcomes."
G-Infrastructure creation,Infrastructure creation,Government & Regulators,The infrastructure creation tool is used by government and regulators to establish the necessary physical and digital framework for various purposes. It can be utilized in the semiconductor ecosystem to address issues related to infrastructure gaps and enable efficient production and distribution of semiconductor products.,"1. Number of infrastructure projects completed: Total count of infrastructure projects successfully created using the tool.
2. Time taken for infrastructure creation: Average duration from project initiation to completion using the tool.
3. Cost savings achieved: Total monetary savings realized through efficient infrastructure creation using the tool."
G-Loan guarantees,Loan guarantees,Government & Regulators,Loan guarantees are a tool used by government and regulators to provide assurance to lenders that they will be repaid if a borrower defaults on a loan. This can help address funding challenges in the semiconductor ecosystem.,"1. Number of loans guaranteed: Total count of loans for which the government has provided guarantees.
2. Default rate: Percentage of guaranteed loans that have not been repaid by borrowers.
3. Economic impact: Measure of the positive effect on the economy resulting from the use of loan guarantees."
G-Loans and debt financing,Loans and debt financing,Government & Regulators,"Loans and debt financing are financial tools offered by the government and regulators. They provide funds to individuals or businesses to address financial needs. In the semiconductor ecosystem, this tool can be used to support research, development, and expansion of semiconductor manufacturing facilities.","1. Loan approval rate: Percentage of loan applications approved by the government and regulators.
2. Debt-to-income ratio: Ratio of an individual's debt payments to their income, indicating their ability to repay loans.
3. Default rate: Percentage of loans that are not repaid by borrowers, indicating the effectiveness of debt financing."
G-Research Grants,Research Grants,Government & Regulators,"Research Grants are funding opportunities provided by the Government & Regulators to support research projects. They can be used in the semiconductor ecosystem to address issues by providing financial resources for research and development, fostering innovation, and advancing technological advancements.","1. Number of research grant applications received.
2. Percentage of research grants awarded.
3. Average time taken to process research grant applications."
G-Tax credits and incentives,Tax credits and incentives,Government & Regulators,"Tax credits and incentives are government measures aimed at encouraging specific behaviors or investments by providing financial benefits. In the semiconductor ecosystem, these tools can be used to incentivize research and development, attract investment, and promote the growth of the industry.","1. Number of businesses applying for tax credits and incentives.
2. Amount of tax savings generated through the use of tax credits and incentives.
3. Percentage increase in business investment and economic growth attributed to tax credits and incentives."
G-Collaborator Pull,Collaborator Pull,Government & Regulators,"Collaborator Pull is a tool used by Government & Regulators. It helps in resolving issues in the semiconductor ecosystem. Output: Efficient collaboration and coordination among stakeholders, leading to improved semiconductor industry performance and problem-solving capabilities.","1. Number of pull requests: Total count of pull requests made using the Collaborator Pull tool.
2. Average time to review: Average duration taken to review and provide feedback on pull requests.
3. Percentage of pull requests merged: Proportion of pull requests that are successfully merged into the main codebase."
G-Forums to define problems and approach,Forums to define problems and approach,Government & Regulators,The forums tool is used by government and regulators to define problems and approaches. It can be used in the semiconductor ecosystem to facilitate discussions and find solutions for issues related to the industry.,"1. Number of active forum participants: The total count of individuals actively engaging in discussions on the forums.
2. Number of problem definitions generated: The total count of problem statements created by participants on the forums.
3. Number of approaches proposed: The total count of different approaches suggested by participants to address the defined problems."
G-Gauranteed purchases,Gauranteed purchases,Government & Regulators,The Guaranteed Purchases tool offered by the Government & Regulators ensures that purchases made by the institution are protected and assured. It can be used to address issues in the semiconductor ecosystem by providing a secure and reliable procurement process.,"1. Number of guaranteed purchases made: Total count of purchases made using the guaranteed purchases tool.
2. Customer satisfaction rating: Average rating provided by customers who have used the guaranteed purchases tool.
3. Reduction in fraudulent transactions: Percentage decrease in the number of fraudulent transactions due to the tool."
G-Law changes,Law changes,Government & Regulators,"Law changes are tools used by government and regulators to modify existing laws or create new ones. In the semiconductor ecosystem, law changes can be used to address issues such as intellectual property protection, export regulations, and industry standards.","1. Compliance rate: Percentage of individuals or organizations adhering to the implemented law changes.
2. Enforcement effectiveness: Number of successful enforcement actions taken against non-compliant entities.
3. Public satisfaction: Level of satisfaction among the general public regarding the impact and effectiveness of the law changes."
G-National Strategy,National Strategy,Government & Regulators,"The National Strategy tool, used by Government & Regulators, is a comprehensive plan that outlines the goals and actions to be taken at a national level. It can be used to address challenges in the semiconductor ecosystem by coordinating efforts, promoting innovation, and ensuring regulatory compliance.","1. Number of policy initiatives implemented successfully.
2. Percentage increase in public awareness and understanding of the national strategy.
3. Reduction in regulatory non-compliance cases reported by relevant stakeholders."
G-Regulatory approval and oversight,Regulatory approval and oversight,Government & Regulators,"Regulatory approval and oversight is a tool used by government and regulators to ensure compliance with regulations in various industries. In the semiconductor ecosystem, it can be used to address issues related to safety, quality, and ethical concerns.","1. Number of regulatory approvals granted - Total count of regulatory approvals granted by the government and regulators.
2. Compliance rate with regulatory standards - Percentage of institutions complying with the established regulatory standards.
3. Timeliness of regulatory oversight - Average time taken by the government and regulators to conduct regulatory oversight activities."
G-Trade agreements to open new markets,Trade agreements to open new markets,Government & Regulators,Trade agreements to open new markets are tools used by government and regulators to facilitate international trade. They can be used to solve issues in the semiconductor ecosystem by creating opportunities for market expansion and reducing trade barriers.,"1. Number of new markets opened: Total count of new markets that have been successfully opened.
2. Increase in export volume: Percentage increase in the volume of exports to newly opened markets.
3. Reduction in trade barriers: Percentage decrease in trade barriers faced by businesses in the newly opened markets."
G-Workforce development programs,Workforce development programs,Government & Regulators,Workforce development programs are initiatives implemented by government and regulators to enhance the skills and knowledge of individuals in the workforce. They can be used to address skill gaps and labor shortages in the semiconductor ecosystem.,"1. Number of individuals enrolled in workforce development programs.
2. Percentage of program participants who successfully complete the program.
3. Average increase in participants' employability skills after completing the program."
G-Data Sharing,Data Sharing,Government & Regulators,"The Data Sharing tool, used by Government & Regulators, facilitates the exchange of information among stakeholders in the semiconductor ecosystem. It can be used to address issues such as supply chain disruptions, quality control, and regulatory compliance.","1. Number of data sharing agreements signed: Total count of agreements signed between the government/regulators and other entities.
2. Data sharing compliance rate: Percentage of data sharing agreements that are being followed and adhered to.
3. Data breach incidents: Total number of unauthorized access or disclosure of shared data incidents reported."
G-Lab Research,Lab Research,Government & Regulators,"The Lab Research tool is used by Government & Regulators to conduct scientific experiments and investigations in a controlled environment. It can be used to analyze and address issues related to the semiconductor ecosystem, providing valuable insights and solutions.","1. Number of successful experiments conducted: The total count of experiments that have been successfully completed using the Lab Research tool.
2. Time taken to complete experiments: The duration, in hours or days, required to finish an experiment using the Lab Research tool.
3. Accuracy of research findings: The level of precision and correctness in the research outcomes obtained through the Lab Research tool."
IBuy-Increased purchases,Increased purchases,Consumers of semiconductors,"Increased purchases is a tool used by consumers of semiconductors to boost their buying activities. It can be used to address issues in the semiconductor ecosystem by stimulating demand, supporting market growth, and ensuring a steady flow of revenue for semiconductor manufacturers.","1. Number of semiconductor units purchased: Total count of semiconductors bought by consumers.
2. Purchase frequency: Average number of times consumers buy semiconductors within a specific time period.
3. Average order value: Mean monetary value of each purchase made by consumers of semiconductors."
IBuy-Demand Pull,Demand Pull,Consumers of semiconductors,Demand Pull is  used to drive innovation by increasing the demand for innovative technologies.. It helps address issues in the semiconductor ecosystem by ensuring that the demand for semiconductors is met efficiently and effectively.,"1. Sales revenue: Total monetary value of semiconductors sold to measure the effectiveness of demand pull.
2. Customer satisfaction score: Rating of consumer satisfaction with semiconductors to assess the tool's impact on consumers.
3. Market share: Percentage of the semiconductor market captured by the institution to gauge its competitiveness."
IFin-Startups/Spinoffs,Startups/Spinoffs,Financial & Legal,The Startups/Spinoffs tool in the Financial & Legal institution is a resource that supports the establishment and growth of new companies. It can be used to address challenges in the semiconductor ecosystem by facilitating the creation of innovative startups and spinoff companies.,"1. Number of successful startups/spinoffs launched - Output: Count of successful startups/spinoffs launched.
2. Financial return on investment (ROI) - Output: Percentage or ratio indicating the financial return on investment.
3. Legal compliance rate - Output: Percentage indicating the level of compliance with legal regulations."
IFin-Legal Advice,Legal Advice,Financial & Legal,The Legal Advice tool provided by the Financial & Legal institution offers guidance and assistance on legal matters. It can be used in the semiconductor ecosystem to resolve legal issues and ensure compliance with regulations.,"1. Number of legal cases resolved successfully.
2. Average time taken to provide legal advice.
3. Client satisfaction rating with the quality of legal advice received."
IFin-Loans and debt financing,Loans and debt financing,Financial & Legal,"Loans and debt financing is a tool offered by Financial & Legal institutions. It involves borrowing money to fund projects or operations. In the semiconductor ecosystem, it can be used to address financial constraints and support the development of new technologies.","1. Loan approval rate: Percentage of loan applications approved by the institution.
2. Debt-to-income ratio: Ratio of a borrower's total debt to their income, indicating their ability to repay.
3. Average interest rate: The average rate at which the institution lends money to borrowers."
IFin-Venture Capital,Venture Capital,Financial & Legal,"Venture Capital is a financial tool used by institutions to invest in startups and high-growth companies. It can be used in the semiconductor ecosystem to provide funding for research, development, and scaling of innovative technologies.","1. Number of successful investments made.
2. Total amount of funds raised from investors.
3. Return on Investment (ROI) achieved for the venture capital firm."
IFin-Market Research,Market Research,Financial & Legal,"Market Research is a tool used by Financial & Legal institutions to gather and analyze data on market trends, customer preferences, and competitor activities. It can be used in the semiconductor ecosystem to identify market opportunities, understand customer needs, and assess competitive landscape.","1. Market share: Percentage of the total market that the institution holds.
2. Customer satisfaction: Rating of customer happiness with the institution's financial and legal services.
3. Competitor analysis: Evaluation of the institution's performance compared to its competitors in the market."
IFin-Shareholder advocacy,Shareholder advocacy,Financial & Legal,"Shareholder advocacy is a tool used by financial and legal institutions to influence companies through shareholder voting and engagement. It can be used in the semiconductor ecosystem to address issues such as environmental sustainability, labor practices, and corporate governance.","1. Number of successful shareholder resolutions passed.
2. Increase in shareholder engagement and participation in company decision-making.
3. Improvement in corporate governance practices and transparency."
I-Increase manufacturing capacity,Increase manufacturing capacity,Semiconductor manufacturing,"The tool ""Increase manufacturing capacity"" is used in semiconductor manufacturing to enhance the production capabilities. It can be utilized to address challenges in the semiconductor ecosystem by efficiently scaling up manufacturing processes to meet the growing demand for semiconductor products.","1. Output: Manufacturing capacity utilization rate (%)
2. Output: Average cycle time for manufacturing process (hours)
3. Output: Overall equipment effectiveness (OEE) score (%)"
I-Margers & Acquisitions,Margers & Acquisitions,Semiconductor manufacturing,"The Margers & Acquisitions tool in the semiconductor manufacturing industry is used for consolidating companies through mergers and acquisitions. It helps address issues in the semiconductor ecosystem by streamlining operations, enhancing market competitiveness, and fostering innovation.","1. Number of successful mergers and acquisitions completed.
2. Average time taken to complete a merger or acquisition.
3. Percentage increase in market share after mergers and acquisitions."
I-Repurposing existing production lines,Repurposing existing production lines,Semiconductor manufacturing,"The tool of repurposing existing production lines in semiconductor manufacturing refers to modifying and adapting current manufacturing lines for different purposes. It can help address issues in the semiconductor ecosystem by optimizing resources, reducing costs, and increasing production efficiency.","1. Production line efficiency: Percentage of time the production line is operational and producing semiconductor products.
2. Repurposing time: Average time taken to reconfigure the production line for a different product.
3. Cost savings: Total amount of money saved by repurposing existing production lines instead of building new ones."
I-Startups/Spinoffs,Startups/Spinoffs,Semiconductor manufacturing,"The Startups/Spinoffs tool in semiconductor manufacturing is a resource that supports the creation and development of new companies within the industry. It can be used to foster innovation, drive competition, and address challenges in the semiconductor ecosystem.","1. Tool Efficiency: Percentage of time the tool is operational and producing semiconductor products.
2. Yield Rate: Percentage of defect-free semiconductor products produced by the tool.
3. Throughput: Number of semiconductor products produced by the tool within a specific time period."
I-Direct R&D Funding,Direct R&D Funding,Semiconductor manufacturing,Direct R&D Funding is a tool used by semiconductor manufacturing institutions to provide financial support for research and development activities. It can be used to address issues in the semiconductor ecosystem by enabling the development of innovative technologies and solutions.,"1. Number of successful research projects funded.
2. Increase in the number of patents filed.
3. Percentage of research projects that result in commercialized products."
I-Sales of goods/services,Sales of goods/services,Semiconductor manufacturing,"The tool ""Sales of goods/services"" in the semiconductor manufacturing industry refers to the process of selling products or services related to semiconductors. It can be used to address issues in the semiconductor ecosystem by facilitating the distribution and commercialization of semiconductor products.","1. Sales Revenue: Total monetary value generated from the sales of goods/services.
2. Customer Satisfaction Score: Measurement of customer satisfaction with the institution's goods/services.
3. Order Fulfillment Rate: Percentage of customer orders successfully fulfilled within the specified timeframe."
I-Stock sales,Stock sales,Semiconductor manufacturing,"Stock sales is a tool used in the semiconductor manufacturing industry. It involves selling company stocks to raise capital. This tool can help address financial issues and fund research, development, and expansion in the semiconductor ecosystem.","1. Sales Revenue: Total monetary value generated from the semiconductor manufacturing company's stock sales.
2. Market Share: Percentage of the total market that the company's stock sales represent.
3. Customer Satisfaction: Level of satisfaction expressed by customers who have purchased the company's stocks."
I-Advertising,Advertising,Semiconductor manufacturing,"The advertising tool in semiconductor manufacturing is used to promote products and services to target customers. It can be used to solve issues in the semiconductor ecosystem by increasing brand awareness, attracting potential customers, and driving sales.","1. Reach: Number of unique individuals exposed to the advertising campaign.
2. Click-through rate (CTR): Percentage of people who clicked on the advertisement after seeing it.
3. Conversion rate: Percentage of individuals who completed a desired action, such as making a purchase, after seeing the advertisement."
I-Collaborator pull,Collaborator pull,Semiconductor manufacturing,Collaborator pull is a tool used in semiconductor manufacturing. It facilitates collaboration among team members by allowing them to request and review changes made by others. It helps in resolving issues by streamlining communication and ensuring efficient teamwork.,"1. Number of pull requests merged successfully.
2. Average time taken to review and approve pull requests.
3. Percentage of pull requests with resolved conflicts before merging."
I-Forums to define problems and approach,Forums to define problems and approach,Semiconductor manufacturing,Forums are used in semiconductor manufacturing to define problems and approaches. They facilitate discussions among industry professionals to identify and solve issues in the semiconductor ecosystem.,"1. Number of active forum participants: 
   - Output: Count of individuals actively engaging in discussions on the forums.

2. Number of problem definitions generated: 
   - Output: Count of distinct problem statements created by forum participants.

3. Number of approaches proposed: 
   - Output: Count of different strategies or solutions suggested by forum participants."
I-Workforce development programs,Workforce development programs,Semiconductor manufacturing,"Workforce development programs in semiconductor manufacturing aim to enhance the skills and knowledge of employees. These programs can address issues in the semiconductor ecosystem by ensuring a well-trained workforce, improving productivity, and promoting innovation.","1. Employee retention rate: Percentage of employees who remain with the semiconductor manufacturing institution over a specified period.
2. Skill acquisition rate: Number of new skills acquired by employees through the workforce development programs.
3. Job placement rate: Percentage of program participants who secure employment within the semiconductor manufacturing industry."
I-Data Sharing,Data Sharing,Semiconductor manufacturing,"Data Sharing is a tool used in semiconductor manufacturing. It enables the sharing of data among different stakeholders in the ecosystem. It can be used to solve issues by facilitating collaboration, improving efficiency, and enabling better decision-making.","1. Data accuracy: Percentage of shared data that is free from errors or inconsistencies.
2. Data accessibility: Average time taken to access shared data by authorized users.
3. Data utilization: Percentage of shared data actively used for decision-making or analysis purposes."
I-Lab Research,Lab Research,Semiconductor manufacturing,The Lab Research tool in semiconductor manufacturing is used for conducting experiments and analyzing data in a controlled environment. It helps solve issues in the semiconductor ecosystem by providing accurate measurements and insights for optimizing processes and improving product quality.,"1. Tool Utilization Rate: Percentage of time the tool is being used for lab research.
2. Tool Downtime: Total duration of time the tool is not operational due to maintenance or repairs.
3. Tool Yield: Percentage of successful lab research experiments conducted using the tool."
OAssoc-Skills exchange programs,Skills exchange programs,Industry Associations and Alliances,"Skills exchange programs facilitated by industry associations and alliances are tools that enable individuals in the semiconductor ecosystem to share their expertise and knowledge with others. This helps address skill gaps, foster collaboration, and enhance overall competency in the industry.","1. Number of participants: The total count of individuals engaging in the skills exchange program.
2. Number of skills exchanged: The total count of skills shared and acquired through the program.
3. Participant satisfaction rating: The average rating given by participants to measure their overall satisfaction with the program."
OAssoc-Standard Setting,Standard Setting,Industry Associations and Alliances,"Standard Setting is a tool used by Industry Associations and Alliances to establish common guidelines and specifications for products or processes. It can be used in the semiconductor ecosystem to address issues related to compatibility, interoperability, and quality assurance.","1. Number of industry standards developed: Total count of standards developed by the industry associations and alliances.
2. Adoption rate of industry standards: Percentage of companies or organizations that have implemented the industry standards.
3. Feedback rating on industry standards: Average rating or satisfaction score given by stakeholders regarding the effectiveness of the standards."
OAssoc-Forums to define problems and approach,Forums to define problems and approach,Industry Associations and Alliances,Forums to define problems and approach are used by industry associations and alliances. They provide a platform for discussions and collaboration to address issues in the semiconductor ecosystem. Output: Collaborative problem-solving and identification of effective approaches.,"1. Number of active forum participants: 
   - Output: Total count of individuals actively engaging in discussions and problem-solving on the forums.

2. Number of problems defined and approached: 
   - Output: Total count of problems identified and addressed through discussions and collaborative efforts on the forums.

3. Level of satisfaction with forum outcomes: 
   - Output: Measured satisfaction level of participants with the effectiveness and usefulness of the forum discussions."
OAssoc-Data Sharing,Data Sharing,Industry Associations and Alliances,"Data Sharing is a tool used by Industry Associations and Alliances to exchange information among members. It can be used in the semiconductor ecosystem to address issues by facilitating collaboration, sharing best practices, and providing insights for improved decision-making.","1. Number of data sharing agreements established.
2. Percentage increase in data sharing activities among industry associations and alliances.
3. Average time taken to negotiate and finalize data sharing agreements."
I-Skills exchange programs,Skills exchange programs,Semiconductor manufacturing,"Skills exchange programs in semiconductor manufacturing facilitate the sharing of expertise and knowledge among professionals. This tool can be used to address challenges in the semiconductor ecosystem by promoting collaboration, enhancing skill development, and fostering innovation.","1. Number of participants enrolled in skills exchange programs.
2. Percentage increase in knowledge and skills of participants after completing the program.
3. Number of successful knowledge transfers between participants resulting in improved work performance."
I-Joint Ventures,Joint Ventures,Semiconductor manufacturing,"Joint Ventures in semiconductor manufacturing involve collaborations between different companies to pool resources, expertise, and technologies. This tool can be used to address issues in the semiconductor ecosystem by fostering innovation, sharing costs, and accelerating the development of advanced semiconductor technologies.","1. Joint venture success rate: Percentage of joint ventures initiated by the semiconductor manufacturing institution that are successful.
2. Revenue generated from joint ventures: Total monetary value generated from joint ventures entered into by the institution.
3. Return on investment (ROI) from joint ventures: Ratio of the net profit gained from joint ventures to the total investment made."
OAssoc-Philanthropic donors,Philanthropic donors,Industry Associations and Alliances,"The philanthropic donors tool is used by industry associations and alliances to support charitable causes. It can be used in the semiconductor ecosystem to address issues by providing financial resources and support for initiatives that promote innovation, research, and development.","1. Number of philanthropic donations received.
2. Amount of funds raised through industry associations and alliances.
3. Impact of donations on the beneficiaries' well-being."
I-Standard Setting,Standard Setting,Semiconductor manufacturing,"Standard Setting is a tool used in semiconductor manufacturing. It establishes guidelines and specifications for processes, materials, and equipment. It helps solve issues in the semiconductor ecosystem by ensuring consistency, compatibility, and quality across different manufacturers and products.","1. Yield: Percentage of defect-free semiconductor products manufactured.
2. Cycle time: Average time taken to complete the standard setting process.
3. Cost per unit: Average cost incurred to set the standard for each semiconductor product."
I-Venture Capital,Venture Capital,Semiconductor manufacturing,"Venture Capital is a tool used by semiconductor manufacturing institutions to provide financial support and investment to startups and emerging companies in the semiconductor ecosystem. It helps solve issues by funding research, development, and innovation in the industry.","1. ROI (Return on Investment)
2. IRR (Internal Rate of Return)
3. TVPI (Total Value to Paid-In Capital)"
I-Loans and debt financing,Loans and debt financing,Semiconductor manufacturing,"Loans and debt financing is a tool used by semiconductor manufacturing institutions to obtain financial resources for their operations. It can be used to address issues in the semiconductor ecosystem by providing funding for research, development, and expansion of production capabilities.","1. Debt-to-equity ratio: Ratio of total debt to total equity, indicating the proportion of financing provided by debt.
2. Interest coverage ratio: Ratio of earnings before interest and taxes (EBIT) to interest expenses, measuring the ability to cover interest payments.
3. Debt service coverage ratio: Ratio of cash flow available for debt service to total debt service, assessing the ability to meet debt obligations."
I-Research Grants,Research Grants,Semiconductor manufacturing,"Research Grants in semiconductor manufacturing are funding opportunities provided by institutions. They can be used to support research projects aimed at solving issues in the semiconductor ecosystem, such as improving manufacturing processes, developing new materials, or enhancing device performance.","1. Number of successful research grant applications.
2. Amount of funding secured through research grants.
3. Number of research projects initiated as a result of the grants."
I-Shareholder advocacy,Shareholder advocacy,Semiconductor manufacturing,"Shareholder advocacy is a tool used by semiconductor manufacturing companies to address issues within the semiconductor ecosystem. It involves shareholders using their influence to advocate for changes that can improve sustainability, corporate governance, and social responsibility practices.","1. Number of successful shareholder resolutions passed.
2. Percentage increase in shareholder engagement and participation.
3. Reduction in environmental and social risks within the semiconductor manufacturing industry."
